"method","route","flow","mode","authorization","file","line"
"GET","/api/auth/[...all]","","Human account credential flow","Existing credential, provider, native or public boundary; see linked route","src/app/api/auth/[...all]/route.ts","20"
"POST","/api/auth/[...all]","","Human account credential flow","Existing credential, provider, native or public boundary; see linked route","src/app/api/auth/[...all]/route.ts","21"
"POST","/api/leads","","Human pilot application handoff","Existing credential, provider, native or public boundary; see linked route","src/app/api/leads/route.ts","87"
"POST","/api/v1/billing/paddle/webhook","","Signed provider callback; not an agent action","Existing credential, provider, native or public boundary; see linked route","src/app/api/v1/billing/paddle/webhook/route.ts","8"
"POST","/api/v1/client/invitations/accept","","Human invitation/token handoff","Existing credential, provider, native or public boundary; see linked route","src/app/api/v1/client/invitations/accept/route.ts","8"
"POST","/api/v1/client/invitations/stage","","Human invitation/token handoff","Existing credential, provider, native or public boundary; see linked route","src/app/api/v1/client/invitations/stage/route.ts","10"
"PATCH","/api/v1/client/notifications/[notificationId]","client_inbox.mark_read","Tool","Authenticated client projection; collaborator/approver server policy; docs/AUTHORIZATION_MATRIX.md","src/app/api/v1/client/notifications/[notificationId]/route.ts","12"
"POST","/api/v1/client/notifications/[notificationId]","client_inbox.retry_email","Tool with human confirmation","Authenticated client projection; collaborator/approver server policy; docs/AUTHORIZATION_MATRIX.md","src/app/api/v1/client/notifications/[notificationId]/route.ts","22"
"GET","/api/v1/client/notifications","client_inbox.list","Tool","Authenticated client projection; collaborator/approver server policy; docs/AUTHORIZATION_MATRIX.md","src/app/api/v1/client/notifications/route.ts","7"
"POST","/api/v1/client/projects/[projectId]/acceptance-targets/[targetId]/actions","client_delivery_acceptance.respond","Tool with human confirmation","Authenticated client projection; collaborator/approver server policy; docs/AUTHORIZATION_MATRIX.md","src/app/api/v1/client/projects/[projectId]/acceptance-targets/[targetId]/actions/route.ts","10"
"POST","/api/v1/client/projects/[projectId]/discussion","client_discussion.post","Tool with human confirmation","Authenticated client projection; collaborator/approver server policy; docs/AUTHORIZATION_MATRIX.md","src/app/api/v1/client/projects/[projectId]/discussion/route.ts","10"
"POST","/api/v1/client/projects/[projectId]/packets/[packetId]/actions","client_packet_response.respond","Tool with human confirmation","Authenticated client projection; collaborator/approver server policy; docs/AUTHORIZATION_MATRIX.md","src/app/api/v1/client/projects/[projectId]/packets/[packetId]/actions/route.ts","10"
"POST","/api/v1/client/projects/[projectId]/requests","client_requests.create","Tool","Authenticated client projection; collaborator/approver server policy; docs/AUTHORIZATION_MATRIX.md","src/app/api/v1/client/projects/[projectId]/requests/route.ts","10"
"GET","/api/v1/client/projects/[projectId]","client_project_access.read","Tool","Authenticated client projection; collaborator/approver server policy; docs/AUTHORIZATION_MATRIX.md","src/app/api/v1/client/projects/[projectId]/route.ts","9"
"GET","/api/v1/client/projects","client_project_access.list","Tool","Authenticated client projection; collaborator/approver server policy; docs/AUTHORIZATION_MATRIX.md","src/app/api/v1/client/projects/route.ts","5"
"GET","/api/v1/desktop/bootstrap","","Native bootstrap/notification transport","Existing credential, provider, native or public boundary; see linked route","src/app/api/v1/desktop/bootstrap/route.ts","6"
"GET","/api/v1/desktop/notifications","","Native bootstrap/notification transport","Existing credential, provider, native or public boundary; see linked route","src/app/api/v1/desktop/notifications/route.ts","15"
"GET","/api/v1/integrations/github/callback","","Signed provider callback; not an agent action","Existing credential, provider, native or public boundary; see linked route","src/app/api/v1/integrations/github/callback/route.ts","22"
"POST","/api/v1/integrations/github/webhook","","Signed provider callback; not an agent action","Existing credential, provider, native or public boundary; see linked route","src/app/api/v1/integrations/github/webhook/route.ts","8"
"POST","/api/v1/invitations/accept","","Human invitation/token handoff","Existing credential, provider, native or public boundary; see linked route","src/app/api/v1/invitations/accept/route.ts","8"
"POST","/api/v1/invitations/stage","","Human invitation/token handoff","Existing credential, provider, native or public boundary; see linked route","src/app/api/v1/invitations/stage/route.ts","8"
"PATCH","/api/v1/workspaces/[workspaceId]/allocations/[allocationId]","project_allocations.update","Tool","Authenticated workspace membership and operation-specific server policy; docs/AUTHORIZATION_MATRIX.md","src/app/api/v1/workspaces/[workspaceId]/allocations/[allocationId]/route.ts","11"
"DELETE","/api/v1/workspaces/[workspaceId]/allocations/[allocationId]","project_allocations.remove","Tool with human confirmation","Authenticated workspace membership and operation-specific server policy; docs/AUTHORIZATION_MATRIX.md","src/app/api/v1/workspaces/[workspaceId]/allocations/[allocationId]/route.ts","24"
"GET","/api/v1/workspaces/[workspaceId]/allocations","project_allocations.list","Tool","Authenticated workspace membership and operation-specific server policy; docs/AUTHORIZATION_MATRIX.md","src/app/api/v1/workspaces/[workspaceId]/allocations/route.ts","12"
"POST","/api/v1/workspaces/[workspaceId]/allocations","project_allocations.create","Tool","Authenticated workspace membership and operation-specific server policy; docs/AUTHORIZATION_MATRIX.md","src/app/api/v1/workspaces/[workspaceId]/allocations/route.ts","26"
"POST","/api/v1/workspaces/[workspaceId]/billing/checkout","workspace_billing.checkout","Human handoff","Authenticated workspace membership and operation-specific server policy; docs/AUTHORIZATION_MATRIX.md","src/app/api/v1/workspaces/[workspaceId]/billing/checkout/route.ts","9"
"POST","/api/v1/workspaces/[workspaceId]/billing/portal","workspace_billing.portal","Human handoff","Authenticated workspace membership and operation-specific server policy; docs/AUTHORIZATION_MATRIX.md","src/app/api/v1/workspaces/[workspaceId]/billing/portal/route.ts","7"
"GET","/api/v1/workspaces/[workspaceId]/billing","workspace_billing.read","Tool","Authenticated workspace membership and operation-specific server policy; docs/AUTHORIZATION_MATRIX.md","src/app/api/v1/workspaces/[workspaceId]/billing/route.ts","7"
"POST","/api/v1/workspaces/[workspaceId]/capacity/availability","capacity_planning.set_default","Tool with human confirmation","Authenticated workspace membership and operation-specific server policy; docs/AUTHORIZATION_MATRIX.md","src/app/api/v1/workspaces/[workspaceId]/capacity/availability/route.ts","9"
"POST","/api/v1/workspaces/[workspaceId]/capacity/members/[memberUserId]/availability","capacity_planning.set_member","Tool with human confirmation","Authenticated workspace membership and operation-specific server policy; docs/AUTHORIZATION_MATRIX.md","src/app/api/v1/workspaces/[workspaceId]/capacity/members/[memberUserId]/availability/route.ts","11"
"GET","/api/v1/workspaces/[workspaceId]/capacity","capacity_planning.read","Tool","Authenticated workspace membership and operation-specific server policy; docs/AUTHORIZATION_MATRIX.md","src/app/api/v1/workspaces/[workspaceId]/capacity/route.ts","9"
"PATCH","/api/v1/workspaces/[workspaceId]/client-notifications/[notificationId]","workspace_inbox.mark_client_read","Tool","Authenticated workspace membership and operation-specific server policy; docs/AUTHORIZATION_MATRIX.md","src/app/api/v1/workspaces/[workspaceId]/client-notifications/[notificationId]/route.ts","9"
"GET","/api/v1/workspaces/[workspaceId]/clients/[clientId]","client_accounts.read","Tool","Authenticated workspace membership and operation-specific server policy; docs/AUTHORIZATION_MATRIX.md","src/app/api/v1/workspaces/[workspaceId]/clients/[clientId]/route.ts","11"
"PATCH","/api/v1/workspaces/[workspaceId]/clients/[clientId]","client_accounts.update","Tool with human confirmation","Authenticated workspace membership and operation-specific server policy; docs/AUTHORIZATION_MATRIX.md","src/app/api/v1/workspaces/[workspaceId]/clients/[clientId]/route.ts","21"
"GET","/api/v1/workspaces/[workspaceId]/clients","client_accounts.list","Tool","Authenticated workspace membership and operation-specific server policy; docs/AUTHORIZATION_MATRIX.md","src/app/api/v1/workspaces/[workspaceId]/clients/route.ts","12"
"POST","/api/v1/workspaces/[workspaceId]/clients","client_accounts.create","Tool","Authenticated workspace membership and operation-specific server policy; docs/AUTHORIZATION_MATRIX.md","src/app/api/v1/workspaces/[workspaceId]/clients/route.ts","33"
"GET","/api/v1/workspaces/[workspaceId]/commercial-exposure","commercial_exposure.workspace","Tool","Authenticated workspace membership and operation-specific server policy; docs/AUTHORIZATION_MATRIX.md","src/app/api/v1/workspaces/[workspaceId]/commercial-exposure/route.ts","9"
"POST","/api/v1/workspaces/[workspaceId]/exports/[exportId]/parts/[partNumber]","workspace_exports.download_part","Tool with human confirmation","Authenticated workspace membership and operation-specific server policy; docs/AUTHORIZATION_MATRIX.md","src/app/api/v1/workspaces/[workspaceId]/exports/[exportId]/parts/[partNumber]/route.ts","14"
"GET","/api/v1/workspaces/[workspaceId]/exports/[exportId]","workspace_exports.read","Tool","Authenticated workspace membership and operation-specific server policy; docs/AUTHORIZATION_MATRIX.md","src/app/api/v1/workspaces/[workspaceId]/exports/[exportId]/route.ts","7"
"GET","/api/v1/workspaces/[workspaceId]/exports/delivery-core","workspace_exports.download_delivery_csv","Tool","Authenticated workspace membership and operation-specific server policy; docs/AUTHORIZATION_MATRIX.md","src/app/api/v1/workspaces/[workspaceId]/exports/delivery-core/route.ts","9"
"POST","/api/v1/workspaces/[workspaceId]/exports","workspace_exports.create","Tool with human confirmation","Authenticated workspace membership and operation-specific server policy; docs/AUTHORIZATION_MATRIX.md","src/app/api/v1/workspaces/[workspaceId]/exports/route.ts","7"
"POST","/api/v1/workspaces/[workspaceId]/imports/[sessionId]/confirm","delivery_import.confirm","Tool with human confirmation","Authenticated workspace membership and operation-specific server policy; docs/AUTHORIZATION_MATRIX.md","src/app/api/v1/workspaces/[workspaceId]/imports/[sessionId]/confirm/route.ts","11"
"GET","/api/v1/workspaces/[workspaceId]/imports/[sessionId]","delivery_import.read","Tool","Authenticated workspace membership and operation-specific server policy; docs/AUTHORIZATION_MATRIX.md","src/app/api/v1/workspaces/[workspaceId]/imports/[sessionId]/route.ts","11"
"POST","/api/v1/workspaces/[workspaceId]/imports/preview","delivery_import.preview","Tool","Authenticated workspace membership and operation-specific server policy; docs/AUTHORIZATION_MATRIX.md","src/app/api/v1/workspaces/[workspaceId]/imports/preview/route.ts","10"
"GET","/api/v1/workspaces/[workspaceId]/imports","delivery_import.list","Tool","Authenticated workspace membership and operation-specific server policy; docs/AUTHORIZATION_MATRIX.md","src/app/api/v1/workspaces/[workspaceId]/imports/route.ts","9"
"POST","/api/v1/workspaces/[workspaceId]/invitations/[invitationId]/reissue","workspace_invitations.reissue","Tool with human confirmation","Authenticated workspace membership and operation-specific server policy; docs/AUTHORIZATION_MATRIX.md","src/app/api/v1/workspaces/[workspaceId]/invitations/[invitationId]/reissue/route.ts","13"
"DELETE","/api/v1/workspaces/[workspaceId]/invitations/[invitationId]","workspace_invitations.revoke","Tool with human confirmation","Authenticated workspace membership and operation-specific server policy; docs/AUTHORIZATION_MATRIX.md","src/app/api/v1/workspaces/[workspaceId]/invitations/[invitationId]/route.ts","9"
"GET","/api/v1/workspaces/[workspaceId]/invitations","workspace_invitations.list","Tool","Authenticated workspace membership and operation-specific server policy; docs/AUTHORIZATION_MATRIX.md","src/app/api/v1/workspaces/[workspaceId]/invitations/route.ts","19"
"POST","/api/v1/workspaces/[workspaceId]/invitations","workspace_invitations.invite","Tool with human confirmation","Authenticated workspace membership and operation-specific server policy; docs/AUTHORIZATION_MATRIX.md","src/app/api/v1/workspaces/[workspaceId]/invitations/route.ts","37"
"DELETE","/api/v1/workspaces/[workspaceId]/lifecycle-requests/[requestId]","workspace_lifecycle.cancel","Tool with human confirmation","Authenticated workspace membership and operation-specific server policy; docs/AUTHORIZATION_MATRIX.md","src/app/api/v1/workspaces/[workspaceId]/lifecycle-requests/[requestId]/route.ts","9"
"GET","/api/v1/workspaces/[workspaceId]/lifecycle-requests","workspace_lifecycle.list","Tool","Authenticated workspace membership and operation-specific server policy; docs/AUTHORIZATION_MATRIX.md","src/app/api/v1/workspaces/[workspaceId]/lifecycle-requests/route.ts","14"
"POST","/api/v1/workspaces/[workspaceId]/lifecycle-requests","workspace_lifecycle.request","Tool with human confirmation","Authenticated workspace membership and operation-specific server policy; docs/AUTHORIZATION_MATRIX.md","src/app/api/v1/workspaces/[workspaceId]/lifecycle-requests/route.ts","28"
"PATCH","/api/v1/workspaces/[workspaceId]/members/[membershipId]","workspace_members.update_access","Tool with human confirmation","Authenticated workspace membership and operation-specific server policy; docs/AUTHORIZATION_MATRIX.md","src/app/api/v1/workspaces/[workspaceId]/members/[membershipId]/route.ts","17"
"DELETE","/api/v1/workspaces/[workspaceId]/members/[membershipId]","workspace_members.remove","Tool with human confirmation","Authenticated workspace membership and operation-specific server policy; docs/AUTHORIZATION_MATRIX.md","src/app/api/v1/workspaces/[workspaceId]/members/[membershipId]/route.ts","45"
"GET","/api/v1/workspaces/[workspaceId]/members","workspace_members.list","Tool","Authenticated workspace membership and operation-specific server policy; docs/AUTHORIZATION_MATRIX.md","src/app/api/v1/workspaces/[workspaceId]/members/route.ts","11"
"GET","/api/v1/workspaces/[workspaceId]/my-work","assigned_work.list","Tool","Authenticated workspace membership and operation-specific server policy; docs/AUTHORIZATION_MATRIX.md","src/app/api/v1/workspaces/[workspaceId]/my-work/route.ts","9"
"GET","/api/v1/workspaces/[workspaceId]/notifications","workspace_inbox.list","Tool","Authenticated workspace membership and operation-specific server policy; docs/AUTHORIZATION_MATRIX.md","src/app/api/v1/workspaces/[workspaceId]/notifications/route.ts","12"
"PATCH","/api/v1/workspaces/[workspaceId]/notifications","workspace_inbox.mark_read","Tool","Authenticated workspace membership and operation-specific server policy; docs/AUTHORIZATION_MATRIX.md","src/app/api/v1/workspaces/[workspaceId]/notifications/route.ts","26"
"GET","/api/v1/workspaces/[workspaceId]/onboarding","workspace_onboarding.read","Tool","Authenticated workspace membership and operation-specific server policy; docs/AUTHORIZATION_MATRIX.md","src/app/api/v1/workspaces/[workspaceId]/onboarding/route.ts","14"
"PATCH","/api/v1/workspaces/[workspaceId]/onboarding","workspace_onboarding.set_dismissed","Tool","Authenticated workspace membership and operation-specific server policy; docs/AUTHORIZATION_MATRIX.md","src/app/api/v1/workspaces/[workspaceId]/onboarding/route.ts","25"
"GET","/api/v1/workspaces/[workspaceId]/portfolio","portfolio_review.read","Tool","Authenticated workspace membership and operation-specific server policy; docs/AUTHORIZATION_MATRIX.md","src/app/api/v1/workspaces/[workspaceId]/portfolio/route.ts","9"
"POST","/api/v1/workspaces/[workspaceId]/project-templates/[templateId]/apply","project_templates.apply","Tool","Authenticated workspace membership and operation-specific server policy; docs/AUTHORIZATION_MATRIX.md","src/app/api/v1/workspaces/[workspaceId]/project-templates/[templateId]/apply/route.ts","11"
"GET","/api/v1/workspaces/[workspaceId]/project-templates/[templateId]","project_templates.read","Tool","Authenticated workspace membership and operation-specific server policy; docs/AUTHORIZATION_MATRIX.md","src/app/api/v1/workspaces/[workspaceId]/project-templates/[templateId]/route.ts","15"
"PATCH","/api/v1/workspaces/[workspaceId]/project-templates/[templateId]","project_templates.update","Tool","Authenticated workspace membership and operation-specific server policy; docs/AUTHORIZATION_MATRIX.md","src/app/api/v1/workspaces/[workspaceId]/project-templates/[templateId]/route.ts","25"
"DELETE","/api/v1/workspaces/[workspaceId]/project-templates/[templateId]","project_templates.archive","Tool with human confirmation","Authenticated workspace membership and operation-specific server policy; docs/AUTHORIZATION_MATRIX.md","src/app/api/v1/workspaces/[workspaceId]/project-templates/[templateId]/route.ts","41"
"GET","/api/v1/workspaces/[workspaceId]/project-templates","project_templates.list","Tool","Authenticated workspace membership and operation-specific server policy; docs/AUTHORIZATION_MATRIX.md","src/app/api/v1/workspaces/[workspaceId]/project-templates/route.ts","9"
"POST","/api/v1/workspaces/[workspaceId]/project-templates","project_templates.create","Tool","Authenticated workspace membership and operation-specific server policy; docs/AUTHORIZATION_MATRIX.md","src/app/api/v1/workspaces/[workspaceId]/project-templates/route.ts","23"
"GET","/api/v1/workspaces/[workspaceId]/projects/[projectId]/activity","project_activity.project","Tool","Authenticated workspace membership and operation-specific server policy; docs/AUTHORIZATION_MATRIX.md","src/app/api/v1/workspaces/[workspaceId]/projects/[projectId]/activity/route.ts","9"
"POST","/api/v1/workspaces/[workspaceId]/projects/[projectId]/ai/jobs/[jobId]/actions/confirm","ai_candidate_review.confirm","Tool with human confirmation","Authenticated workspace membership and operation-specific server policy; docs/AUTHORIZATION_MATRIX.md","src/app/api/v1/workspaces/[workspaceId]/projects/[projectId]/ai/jobs/[jobId]/actions/confirm/route.ts","9"
"POST","/api/v1/workspaces/[workspaceId]/projects/[projectId]/ai/jobs/[jobId]/actions/preview","ai_candidate_review.preview","Tool","Authenticated workspace membership and operation-specific server policy; docs/AUTHORIZATION_MATRIX.md","src/app/api/v1/workspaces/[workspaceId]/projects/[projectId]/ai/jobs/[jobId]/actions/preview/route.ts","9"
"POST","/api/v1/workspaces/[workspaceId]/projects/[projectId]/ai/jobs/[jobId]/cancel","ai_analysis.cancel","Tool with human confirmation","Authenticated workspace membership and operation-specific server policy; docs/AUTHORIZATION_MATRIX.md","src/app/api/v1/workspaces/[workspaceId]/projects/[projectId]/ai/jobs/[jobId]/cancel/route.ts","9"
"POST","/api/v1/workspaces/[workspaceId]/projects/[projectId]/ai/jobs/[jobId]/retry","ai_analysis.retry","Tool with human confirmation","Authenticated workspace membership and operation-specific server policy; docs/AUTHORIZATION_MATRIX.md","src/app/api/v1/workspaces/[workspaceId]/projects/[projectId]/ai/jobs/[jobId]/retry/route.ts","11"
"GET","/api/v1/workspaces/[workspaceId]/projects/[projectId]/ai/jobs/[jobId]","ai_analysis.read","Tool","Authenticated workspace membership and operation-specific server policy; docs/AUTHORIZATION_MATRIX.md","src/app/api/v1/workspaces/[workspaceId]/projects/[projectId]/ai/jobs/[jobId]/route.ts","9"
"GET","/api/v1/workspaces/[workspaceId]/projects/[projectId]/ai/jobs","ai_analysis.list","Tool","Authenticated workspace membership and operation-specific server policy; docs/AUTHORIZATION_MATRIX.md","src/app/api/v1/workspaces/[workspaceId]/projects/[projectId]/ai/jobs/route.ts","9"
"POST","/api/v1/workspaces/[workspaceId]/projects/[projectId]/ai/jobs","ai_analysis.start","Tool with human confirmation","Authenticated workspace membership and operation-specific server policy; docs/AUTHORIZATION_MATRIX.md","src/app/api/v1/workspaces/[workspaceId]/projects/[projectId]/ai/jobs/route.ts","19"
"POST","/api/v1/workspaces/[workspaceId]/projects/[projectId]/client/acceptance-targets","client_acceptance_publication.publish","Tool with human confirmation","Authenticated workspace membership and operation-specific server policy; docs/AUTHORIZATION_MATRIX.md","src/app/api/v1/workspaces/[workspaceId]/projects/[projectId]/client/acceptance-targets/route.ts","12"
"POST","/api/v1/workspaces/[workspaceId]/projects/[projectId]/client/discussion","client_team_discussion.post","Tool with human confirmation","Authenticated workspace membership and operation-specific server policy; docs/AUTHORIZATION_MATRIX.md","src/app/api/v1/workspaces/[workspaceId]/projects/[projectId]/client/discussion/route.ts","12"
"POST","/api/v1/workspaces/[workspaceId]/projects/[projectId]/client/invitations/[invitationId]/reissue","client_participants.reissue_invitation","Tool with human confirmation","Authenticated workspace membership and operation-specific server policy; docs/AUTHORIZATION_MATRIX.md","src/app/api/v1/workspaces/[workspaceId]/projects/[projectId]/client/invitations/[invitationId]/reissue/route.ts","16"
"DELETE","/api/v1/workspaces/[workspaceId]/projects/[projectId]/client/invitations/[invitationId]","client_participants.revoke_invitation","Tool with human confirmation","Authenticated workspace membership and operation-specific server policy; docs/AUTHORIZATION_MATRIX.md","src/app/api/v1/workspaces/[workspaceId]/projects/[projectId]/client/invitations/[invitationId]/route.ts","13"
"DELETE","/api/v1/workspaces/[workspaceId]/projects/[projectId]/client/items/[itemId]","client_publication.withdraw_item","Tool with human confirmation","Authenticated workspace membership and operation-specific server policy; docs/AUTHORIZATION_MATRIX.md","src/app/api/v1/workspaces/[workspaceId]/projects/[projectId]/client/items/[itemId]/route.ts","9"
"POST","/api/v1/workspaces/[workspaceId]/projects/[projectId]/client/items","client_publication.publish_item","Tool with human confirmation","Authenticated workspace membership and operation-specific server policy; docs/AUTHORIZATION_MATRIX.md","src/app/api/v1/workspaces/[workspaceId]/projects/[projectId]/client/items/route.ts","11"
"PATCH","/api/v1/workspaces/[workspaceId]/projects/[projectId]/client/participants/[participantId]","client_participants.update_role","Tool with human confirmation","Authenticated workspace membership and operation-specific server policy; docs/AUTHORIZATION_MATRIX.md","src/app/api/v1/workspaces/[workspaceId]/projects/[projectId]/client/participants/[participantId]/route.ts","18"
"DELETE","/api/v1/workspaces/[workspaceId]/projects/[projectId]/client/participants/[participantId]","client_participants.revoke","Tool with human confirmation","Authenticated workspace membership and operation-specific server policy; docs/AUTHORIZATION_MATRIX.md","src/app/api/v1/workspaces/[workspaceId]/projects/[projectId]/client/participants/[participantId]/route.ts","40"
"GET","/api/v1/workspaces/[workspaceId]/projects/[projectId]/client/participants","client_participants.list","Tool","Authenticated workspace membership and operation-specific server policy; docs/AUTHORIZATION_MATRIX.md","src/app/api/v1/workspaces/[workspaceId]/projects/[projectId]/client/participants/route.ts","15"
"POST","/api/v1/workspaces/[workspaceId]/projects/[projectId]/client/participants","client_participants.invite","Tool with human confirmation","Authenticated workspace membership and operation-specific server policy; docs/AUTHORIZATION_MATRIX.md","src/app/api/v1/workspaces/[workspaceId]/projects/[projectId]/client/participants/route.ts","25"
"POST","/api/v1/workspaces/[workspaceId]/projects/[projectId]/client/requests/[requestId]/packets","client_request_review.publish_packet","Tool with human confirmation","Authenticated workspace membership and operation-specific server policy; docs/AUTHORIZATION_MATRIX.md","src/app/api/v1/workspaces/[workspaceId]/projects/[projectId]/client/requests/[requestId]/packets/route.ts","16"
"PATCH","/api/v1/workspaces/[workspaceId]/projects/[projectId]/client/requests/[requestId]","client_request_review.update_state","Tool with human confirmation","Authenticated workspace membership and operation-specific server policy; docs/AUTHORIZATION_MATRIX.md","src/app/api/v1/workspaces/[workspaceId]/projects/[projectId]/client/requests/[requestId]/route.ts","16"
"GET","/api/v1/workspaces/[workspaceId]/projects/[projectId]/client","client_publication.overview","Tool","Authenticated workspace membership and operation-specific server policy; docs/AUTHORIZATION_MATRIX.md","src/app/api/v1/workspaces/[workspaceId]/projects/[projectId]/client/route.ts","14"
"PATCH","/api/v1/workspaces/[workspaceId]/projects/[projectId]/client","client_publication.update_summary","Tool with human confirmation","Authenticated workspace membership and operation-specific server policy; docs/AUTHORIZATION_MATRIX.md","src/app/api/v1/workspaces/[workspaceId]/projects/[projectId]/client/route.ts","26"
"POST","/api/v1/workspaces/[workspaceId]/projects/[projectId]/commercial/baseline","commercial_agreement.create_baseline","Tool with human confirmation","Authenticated workspace membership and operation-specific server policy; docs/AUTHORIZATION_MATRIX.md","src/app/api/v1/workspaces/[workspaceId]/projects/[projectId]/commercial/baseline/route.ts","11"
"POST","/api/v1/workspaces/[workspaceId]/projects/[projectId]/commercial/baseline/versions/[versionId]/activate","commercial_agreement.activate_version","Tool with human confirmation","Authenticated workspace membership and operation-specific server policy; docs/AUTHORIZATION_MATRIX.md","src/app/api/v1/workspaces/[workspaceId]/projects/[projectId]/commercial/baseline/versions/[versionId]/activate/route.ts","15"
"POST","/api/v1/workspaces/[workspaceId]/projects/[projectId]/commercial/baseline/versions","commercial_agreement.create_amendment","Tool with human confirmation","Authenticated workspace membership and operation-specific server policy; docs/AUTHORIZATION_MATRIX.md","src/app/api/v1/workspaces/[workspaceId]/projects/[projectId]/commercial/baseline/versions/route.ts","11"
"GET","/api/v1/workspaces/[workspaceId]/projects/[projectId]/commercial/drift","commercial_drift_ledger.ledger","Tool","Authenticated workspace membership and operation-specific server policy; docs/AUTHORIZATION_MATRIX.md","src/app/api/v1/workspaces/[workspaceId]/projects/[projectId]/commercial/drift/route.ts","11"
"GET","/api/v1/workspaces/[workspaceId]/projects/[projectId]/commercial/drift-summary","commercial_drift_ledger.summary","Tool","Authenticated workspace membership and operation-specific server policy; docs/AUTHORIZATION_MATRIX.md","src/app/api/v1/workspaces/[workspaceId]/projects/[projectId]/commercial/drift-summary/route.ts","11"
"GET","/api/v1/workspaces/[workspaceId]/projects/[projectId]/commercial/history","commercial_drift_ledger.history","Tool","Authenticated workspace membership and operation-specific server policy; docs/AUTHORIZATION_MATRIX.md","src/app/api/v1/workspaces/[workspaceId]/projects/[projectId]/commercial/history/route.ts","11"
"PATCH","/api/v1/workspaces/[workspaceId]/projects/[projectId]/commercial/requests/[requestId]/clarifications/[clarificationId]","commercial_clarifications.update","Tool","Authenticated workspace membership and operation-specific server policy; docs/AUTHORIZATION_MATRIX.md","src/app/api/v1/workspaces/[workspaceId]/projects/[projectId]/commercial/requests/[requestId]/clarifications/[clarificationId]/route.ts","14"
"GET","/api/v1/workspaces/[workspaceId]/projects/[projectId]/commercial/requests/[requestId]/clarifications","commercial_clarifications.list","Tool","Authenticated workspace membership and operation-specific server policy; docs/AUTHORIZATION_MATRIX.md","src/app/api/v1/workspaces/[workspaceId]/projects/[projectId]/commercial/requests/[requestId]/clarifications/route.ts","13"
"POST","/api/v1/workspaces/[workspaceId]/projects/[projectId]/commercial/requests/[requestId]/decisions","commercial_decisions.record","Tool with human confirmation","Authenticated workspace membership and operation-specific server policy; docs/AUTHORIZATION_MATRIX.md","src/app/api/v1/workspaces/[workspaceId]/projects/[projectId]/commercial/requests/[requestId]/decisions/route.ts","15"
"POST","/api/v1/workspaces/[workspaceId]/projects/[projectId]/commercial/requests/[requestId]/impacts","commercial_impact.record","Tool with human confirmation","Authenticated workspace membership and operation-specific server policy; docs/AUTHORIZATION_MATRIX.md","src/app/api/v1/workspaces/[workspaceId]/projects/[projectId]/commercial/requests/[requestId]/impacts/route.ts","15"
"GET","/api/v1/workspaces/[workspaceId]/projects/[projectId]/commercial/requests/[requestId]","commercial_requests.read","Tool","Authenticated workspace membership and operation-specific server policy; docs/AUTHORIZATION_MATRIX.md","src/app/api/v1/workspaces/[workspaceId]/projects/[projectId]/commercial/requests/[requestId]/route.ts","18"
"PATCH","/api/v1/workspaces/[workspaceId]/projects/[projectId]/commercial/requests/[requestId]","commercial_requests.update_state","Tool","Authenticated workspace membership and operation-specific server policy; docs/AUTHORIZATION_MATRIX.md","src/app/api/v1/workspaces/[workspaceId]/projects/[projectId]/commercial/requests/[requestId]/route.ts","30"
"GET","/api/v1/workspaces/[workspaceId]/projects/[projectId]/commercial/requests","commercial_requests.list","Tool","Authenticated workspace membership and operation-specific server policy; docs/AUTHORIZATION_MATRIX.md","src/app/api/v1/workspaces/[workspaceId]/projects/[projectId]/commercial/requests/route.ts","17"
"POST","/api/v1/workspaces/[workspaceId]/projects/[projectId]/commercial/requests","commercial_requests.create","Tool","Authenticated workspace membership and operation-specific server policy; docs/AUTHORIZATION_MATRIX.md","src/app/api/v1/workspaces/[workspaceId]/projects/[projectId]/commercial/requests/route.ts","34"
"GET","/api/v1/workspaces/[workspaceId]/projects/[projectId]/commercial","commercial_evidence.overview","Tool","Authenticated workspace membership and operation-specific server policy; docs/AUTHORIZATION_MATRIX.md","src/app/api/v1/workspaces/[workspaceId]/projects/[projectId]/commercial/route.ts","9"
"POST","/api/v1/workspaces/[workspaceId]/projects/[projectId]/commercial/scope-items/[scopeItemId]/archive","commercial_scope.set_archived","Tool","Authenticated workspace membership and operation-specific server policy; docs/AUTHORIZATION_MATRIX.md","src/app/api/v1/workspaces/[workspaceId]/projects/[projectId]/commercial/scope-items/[scopeItemId]/archive/route.ts","15"
"PATCH","/api/v1/workspaces/[workspaceId]/projects/[projectId]/commercial/scope-items/[scopeItemId]","commercial_scope.revise","Tool","Authenticated workspace membership and operation-specific server policy; docs/AUTHORIZATION_MATRIX.md","src/app/api/v1/workspaces/[workspaceId]/projects/[projectId]/commercial/scope-items/[scopeItemId]/route.ts","15"
"POST","/api/v1/workspaces/[workspaceId]/projects/[projectId]/commercial/scope-items","commercial_scope.create","Tool","Authenticated workspace membership and operation-specific server policy; docs/AUTHORIZATION_MATRIX.md","src/app/api/v1/workspaces/[workspaceId]/projects/[projectId]/commercial/scope-items/route.ts","11"
"GET","/api/v1/workspaces/[workspaceId]/projects/[projectId]/commercial/sources/[sourceId]/download","commercial_evidence.download_source","Tool","Authenticated workspace membership and operation-specific server policy; docs/AUTHORIZATION_MATRIX.md","src/app/api/v1/workspaces/[workspaceId]/projects/[projectId]/commercial/sources/[sourceId]/download/route.ts","9"
"POST","/api/v1/workspaces/[workspaceId]/projects/[projectId]/commercial/sources/[sourceId]/retry","commercial_evidence.retry_extraction","Tool","Authenticated workspace membership and operation-specific server policy; docs/AUTHORIZATION_MATRIX.md","src/app/api/v1/workspaces/[workspaceId]/projects/[projectId]/commercial/sources/[sourceId]/retry/route.ts","9"
"GET","/api/v1/workspaces/[workspaceId]/projects/[projectId]/commercial/sources/[sourceId]","commercial_evidence.read_source","Tool","Authenticated workspace membership and operation-specific server policy; docs/AUTHORIZATION_MATRIX.md","src/app/api/v1/workspaces/[workspaceId]/projects/[projectId]/commercial/sources/[sourceId]/route.ts","9"
"POST","/api/v1/workspaces/[workspaceId]/projects/[projectId]/commercial/sources","commercial_evidence.add_text, commercial_evidence.add_source","Tool","Authenticated workspace membership and operation-specific server policy; docs/AUTHORIZATION_MATRIX.md","src/app/api/v1/workspaces/[workspaceId]/projects/[projectId]/commercial/sources/route.ts","14"
"GET","/api/v1/workspaces/[workspaceId]/projects/[projectId]/commercial-exposure","commercial_exposure.project","Tool","Authenticated workspace membership and operation-specific server policy; docs/AUTHORIZATION_MATRIX.md","src/app/api/v1/workspaces/[workspaceId]/projects/[projectId]/commercial-exposure/route.ts","9"
"PATCH","/api/v1/workspaces/[workspaceId]/projects/[projectId]/cycles/[cycleId]","delivery_cycles.update","Tool","Authenticated workspace membership and operation-specific server policy; docs/AUTHORIZATION_MATRIX.md","src/app/api/v1/workspaces/[workspaceId]/projects/[projectId]/cycles/[cycleId]/route.ts","15"
"GET","/api/v1/workspaces/[workspaceId]/projects/[projectId]/cycles","delivery_cycles.list","Tool","Authenticated workspace membership and operation-specific server policy; docs/AUTHORIZATION_MATRIX.md","src/app/api/v1/workspaces/[workspaceId]/projects/[projectId]/cycles/route.ts","14"
"POST","/api/v1/workspaces/[workspaceId]/projects/[projectId]/cycles","delivery_cycles.create","Tool","Authenticated workspace membership and operation-specific server policy; docs/AUTHORIZATION_MATRIX.md","src/app/api/v1/workspaces/[workspaceId]/projects/[projectId]/cycles/route.ts","28"
"DELETE","/api/v1/workspaces/[workspaceId]/projects/[projectId]/dependencies/[dependencyId]","work_dependencies.remove","Tool with human confirmation","Authenticated workspace membership and operation-specific server policy; docs/AUTHORIZATION_MATRIX.md","src/app/api/v1/workspaces/[workspaceId]/projects/[projectId]/dependencies/[dependencyId]/route.ts","13"
"GET","/api/v1/workspaces/[workspaceId]/projects/[projectId]/dependencies","work_dependencies.list_project","Tool","Authenticated workspace membership and operation-specific server policy; docs/AUTHORIZATION_MATRIX.md","src/app/api/v1/workspaces/[workspaceId]/projects/[projectId]/dependencies/route.ts","9"
"PATCH","/api/v1/workspaces/[workspaceId]/projects/[projectId]/engineering/defects/[defectId]","delivery_defects.update_status","Tool","Authenticated workspace membership and operation-specific server policy; docs/AUTHORIZATION_MATRIX.md","src/app/api/v1/workspaces/[workspaceId]/projects/[projectId]/engineering/defects/[defectId]/route.ts","15"
"POST","/api/v1/workspaces/[workspaceId]/projects/[projectId]/engineering/defects","delivery_defects.create","Tool","Authenticated workspace membership and operation-specific server policy; docs/AUTHORIZATION_MATRIX.md","src/app/api/v1/workspaces/[workspaceId]/projects/[projectId]/engineering/defects/route.ts","11"
"GET","/api/v1/workspaces/[workspaceId]/projects/[projectId]/engineering/github/install","engineering_repositories.connect","Human handoff","Authenticated workspace membership and operation-specific server policy; docs/AUTHORIZATION_MATRIX.md","src/app/api/v1/workspaces/[workspaceId]/projects/[projectId]/engineering/github/install/route.ts","11"
"DELETE","/api/v1/workspaces/[workspaceId]/projects/[projectId]/engineering/links/[linkId]","engineering_evidence.unlink","Tool with human confirmation","Authenticated workspace membership and operation-specific server policy; docs/AUTHORIZATION_MATRIX.md","src/app/api/v1/workspaces/[workspaceId]/projects/[projectId]/engineering/links/[linkId]/route.ts","13"
"POST","/api/v1/workspaces/[workspaceId]/projects/[projectId]/engineering/links","engineering_evidence.link","Tool","Authenticated workspace membership and operation-specific server policy; docs/AUTHORIZATION_MATRIX.md","src/app/api/v1/workspaces/[workspaceId]/projects/[projectId]/engineering/links/route.ts","11"
"GET","/api/v1/workspaces/[workspaceId]/projects/[projectId]/engineering/readiness","qa_verification.readiness","Tool","Authenticated workspace membership and operation-specific server policy; docs/AUTHORIZATION_MATRIX.md","src/app/api/v1/workspaces/[workspaceId]/projects/[projectId]/engineering/readiness/route.ts","11"
"POST","/api/v1/workspaces/[workspaceId]/projects/[projectId]/engineering/repositories/[repositoryId]/reconcile","engineering_repositories.reconcile","Tool with human confirmation","Authenticated workspace membership and operation-specific server policy; docs/AUTHORIZATION_MATRIX.md","src/app/api/v1/workspaces/[workspaceId]/projects/[projectId]/engineering/repositories/[repositoryId]/reconcile/route.ts","13"
"DELETE","/api/v1/workspaces/[workspaceId]/projects/[projectId]/engineering/repositories/[repositoryId]","engineering_repositories.disconnect","Tool with human confirmation","Authenticated workspace membership and operation-specific server policy; docs/AUTHORIZATION_MATRIX.md","src/app/api/v1/workspaces/[workspaceId]/projects/[projectId]/engineering/repositories/[repositoryId]/route.ts","13"
"GET","/api/v1/workspaces/[workspaceId]/projects/[projectId]/engineering","engineering_evidence.overview","Tool","Authenticated workspace membership and operation-specific server policy; docs/AUTHORIZATION_MATRIX.md","src/app/api/v1/workspaces/[workspaceId]/projects/[projectId]/engineering/route.ts","9"
"GET","/api/v1/workspaces/[workspaceId]/projects/[projectId]/engineering/trace/[workItemId]","engineering_evidence.trace","Tool","Authenticated workspace membership and operation-specific server policy; docs/AUTHORIZATION_MATRIX.md","src/app/api/v1/workspaces/[workspaceId]/projects/[projectId]/engineering/trace/[workItemId]/route.ts","13"
"POST","/api/v1/workspaces/[workspaceId]/projects/[projectId]/engineering/verifications","qa_verification.record","Tool with human confirmation","Authenticated workspace membership and operation-specific server policy; docs/AUTHORIZATION_MATRIX.md","src/app/api/v1/workspaces/[workspaceId]/projects/[projectId]/engineering/verifications/route.ts","11"
"GET","/api/v1/workspaces/[workspaceId]/projects/[projectId]/labels","project_labels.list","Tool","Authenticated workspace membership and operation-specific server policy; docs/AUTHORIZATION_MATRIX.md","src/app/api/v1/workspaces/[workspaceId]/projects/[projectId]/labels/route.ts","11"
"POST","/api/v1/workspaces/[workspaceId]/projects/[projectId]/labels","project_labels.create","Tool","Authenticated workspace membership and operation-specific server policy; docs/AUTHORIZATION_MATRIX.md","src/app/api/v1/workspaces/[workspaceId]/projects/[projectId]/labels/route.ts","21"
"DELETE","/api/v1/workspaces/[workspaceId]/projects/[projectId]/members/[userId]","project_members.remove","Tool with human confirmation","Authenticated workspace membership and operation-specific server policy; docs/AUTHORIZATION_MATRIX.md","src/app/api/v1/workspaces/[workspaceId]/projects/[projectId]/members/[userId]/route.ts","9"
"GET","/api/v1/workspaces/[workspaceId]/projects/[projectId]/members","project_members.list","Tool","Authenticated workspace membership and operation-specific server policy; docs/AUTHORIZATION_MATRIX.md","src/app/api/v1/workspaces/[workspaceId]/projects/[projectId]/members/route.ts","11"
"POST","/api/v1/workspaces/[workspaceId]/projects/[projectId]/members","project_members.add","Tool with human confirmation","Authenticated workspace membership and operation-specific server policy; docs/AUTHORIZATION_MATRIX.md","src/app/api/v1/workspaces/[workspaceId]/projects/[projectId]/members/route.ts","21"
"GET","/api/v1/workspaces/[workspaceId]/projects/[projectId]/mentionable-members","project_members.mentionable","Tool","Authenticated workspace membership and operation-specific server policy; docs/AUTHORIZATION_MATRIX.md","src/app/api/v1/workspaces/[workspaceId]/projects/[projectId]/mentionable-members/route.ts","9"
"PATCH","/api/v1/workspaces/[workspaceId]/projects/[projectId]/milestones/[milestoneId]","project_milestones.update","Tool","Authenticated workspace membership and operation-specific server policy; docs/AUTHORIZATION_MATRIX.md","src/app/api/v1/workspaces/[workspaceId]/projects/[projectId]/milestones/[milestoneId]/route.ts","15"
"GET","/api/v1/workspaces/[workspaceId]/projects/[projectId]/milestones","project_milestones.list","Tool","Authenticated workspace membership and operation-specific server policy; docs/AUTHORIZATION_MATRIX.md","src/app/api/v1/workspaces/[workspaceId]/projects/[projectId]/milestones/route.ts","11"
"POST","/api/v1/workspaces/[workspaceId]/projects/[projectId]/milestones","project_milestones.create","Tool","Authenticated workspace membership and operation-specific server policy; docs/AUTHORIZATION_MATRIX.md","src/app/api/v1/workspaces/[workspaceId]/projects/[projectId]/milestones/route.ts","21"
"GET","/api/v1/workspaces/[workspaceId]/projects/[projectId]/notes/[noteId]","project_notes.read","Tool","Authenticated workspace membership and operation-specific server policy; docs/AUTHORIZATION_MATRIX.md","src/app/api/v1/workspaces/[workspaceId]/projects/[projectId]/notes/[noteId]/route.ts","11"
"PATCH","/api/v1/workspaces/[workspaceId]/projects/[projectId]/notes/[noteId]","project_notes.update","Tool","Authenticated workspace membership and operation-specific server policy; docs/AUTHORIZATION_MATRIX.md","src/app/api/v1/workspaces/[workspaceId]/projects/[projectId]/notes/[noteId]/route.ts","21"
"GET","/api/v1/workspaces/[workspaceId]/projects/[projectId]/notes","project_notes.list","Tool","Authenticated workspace membership and operation-specific server policy; docs/AUTHORIZATION_MATRIX.md","src/app/api/v1/workspaces/[workspaceId]/projects/[projectId]/notes/route.ts","12"
"POST","/api/v1/workspaces/[workspaceId]/projects/[projectId]/notes","project_notes.create","Tool","Authenticated workspace membership and operation-specific server policy; docs/AUTHORIZATION_MATRIX.md","src/app/api/v1/workspaces/[workspaceId]/projects/[projectId]/notes/route.ts","28"
"GET","/api/v1/workspaces/[workspaceId]/projects/[projectId]","project_lifecycle.read","Tool","Authenticated workspace membership and operation-specific server policy; docs/AUTHORIZATION_MATRIX.md","src/app/api/v1/workspaces/[workspaceId]/projects/[projectId]/route.ts","11"
"PATCH","/api/v1/workspaces/[workspaceId]/projects/[projectId]","project_lifecycle.update","Tool with human confirmation","Authenticated workspace membership and operation-specific server policy; docs/AUTHORIZATION_MATRIX.md","src/app/api/v1/workspaces/[workspaceId]/projects/[projectId]/route.ts","21"
"GET","/api/v1/workspaces/[workspaceId]/projects/[projectId]/work-items/[workItemId]/activity","project_activity.work_item","Tool","Authenticated workspace membership and operation-specific server policy; docs/AUTHORIZATION_MATRIX.md","src/app/api/v1/workspaces/[workspaceId]/projects/[projectId]/work-items/[workItemId]/activity/route.ts","15"
"GET","/api/v1/workspaces/[workspaceId]/projects/[projectId]/work-items/[workItemId]/comments/[commentId]/history","work_discussion.history","Tool","Authenticated workspace membership and operation-specific server policy; docs/AUTHORIZATION_MATRIX.md","src/app/api/v1/workspaces/[workspaceId]/projects/[projectId]/work-items/[workItemId]/comments/[commentId]/history/route.ts","14"
"GET","/api/v1/workspaces/[workspaceId]/projects/[projectId]/work-items/[workItemId]/comments/[commentId]","work_discussion.read","Tool","Authenticated workspace membership and operation-specific server policy; docs/AUTHORIZATION_MATRIX.md","src/app/api/v1/workspaces/[workspaceId]/projects/[projectId]/work-items/[workItemId]/comments/[commentId]/route.ts","20"
"PATCH","/api/v1/workspaces/[workspaceId]/projects/[projectId]/work-items/[workItemId]/comments/[commentId]","work_discussion.edit","Tool","Authenticated workspace membership and operation-specific server policy; docs/AUTHORIZATION_MATRIX.md","src/app/api/v1/workspaces/[workspaceId]/projects/[projectId]/work-items/[workItemId]/comments/[commentId]/route.ts","32"
"DELETE","/api/v1/workspaces/[workspaceId]/projects/[projectId]/work-items/[workItemId]/comments/[commentId]","work_discussion.delete","Tool with human confirmation","Authenticated workspace membership and operation-specific server policy; docs/AUTHORIZATION_MATRIX.md","src/app/api/v1/workspaces/[workspaceId]/projects/[projectId]/work-items/[workItemId]/comments/[commentId]/route.ts","55"
"GET","/api/v1/workspaces/[workspaceId]/projects/[projectId]/work-items/[workItemId]/comments","work_discussion.list","Tool","Authenticated workspace membership and operation-specific server policy; docs/AUTHORIZATION_MATRIX.md","src/app/api/v1/workspaces/[workspaceId]/projects/[projectId]/work-items/[workItemId]/comments/route.ts","16"
"POST","/api/v1/workspaces/[workspaceId]/projects/[projectId]/work-items/[workItemId]/comments","work_discussion.post","Tool","Authenticated workspace membership and operation-specific server policy; docs/AUTHORIZATION_MATRIX.md","src/app/api/v1/workspaces/[workspaceId]/projects/[projectId]/work-items/[workItemId]/comments/route.ts","39"
"DELETE","/api/v1/workspaces/[workspaceId]/projects/[projectId]/work-items/[workItemId]/commercial/links/[linkId]","work_commercial_basis.unlink","Tool with human confirmation","Authenticated workspace membership and operation-specific server policy; docs/AUTHORIZATION_MATRIX.md","src/app/api/v1/workspaces/[workspaceId]/projects/[projectId]/work-items/[workItemId]/commercial/links/[linkId]/route.ts","14"
"POST","/api/v1/workspaces/[workspaceId]/projects/[projectId]/work-items/[workItemId]/commercial/links","work_commercial_basis.link","Tool","Authenticated workspace membership and operation-specific server policy; docs/AUTHORIZATION_MATRIX.md","src/app/api/v1/workspaces/[workspaceId]/projects/[projectId]/work-items/[workItemId]/commercial/links/route.ts","15"
"GET","/api/v1/workspaces/[workspaceId]/projects/[projectId]/work-items/[workItemId]/commercial","work_commercial_basis.read","Tool","Authenticated workspace membership and operation-specific server policy; docs/AUTHORIZATION_MATRIX.md","src/app/api/v1/workspaces/[workspaceId]/projects/[projectId]/work-items/[workItemId]/commercial/route.ts","18"
"PATCH","/api/v1/workspaces/[workspaceId]/projects/[projectId]/work-items/[workItemId]/commercial","work_commercial_basis.classify","Tool","Authenticated workspace membership and operation-specific server policy; docs/AUTHORIZATION_MATRIX.md","src/app/api/v1/workspaces/[workspaceId]/projects/[projectId]/work-items/[workItemId]/commercial/route.ts","35"
"POST","/api/v1/workspaces/[workspaceId]/projects/[projectId]/work-items/[workItemId]/dependencies","work_dependencies.add","Tool","Authenticated workspace membership and operation-specific server policy; docs/AUTHORIZATION_MATRIX.md","src/app/api/v1/workspaces/[workspaceId]/projects/[projectId]/work-items/[workItemId]/dependencies/route.ts","15"
"POST","/api/v1/workspaces/[workspaceId]/projects/[projectId]/work-items/[workItemId]/reorder","delivery_work.reorder","Tool","Authenticated workspace membership and operation-specific server policy; docs/AUTHORIZATION_MATRIX.md","src/app/api/v1/workspaces/[workspaceId]/projects/[projectId]/work-items/[workItemId]/reorder/route.ts","15"
"GET","/api/v1/workspaces/[workspaceId]/projects/[projectId]/work-items/[workItemId]","delivery_work.read","Tool","Authenticated workspace membership and operation-specific server policy; docs/AUTHORIZATION_MATRIX.md","src/app/api/v1/workspaces/[workspaceId]/projects/[projectId]/work-items/[workItemId]/route.ts","15"
"PATCH","/api/v1/workspaces/[workspaceId]/projects/[projectId]/work-items/[workItemId]","delivery_work.update","Tool","Authenticated workspace membership and operation-specific server policy; docs/AUTHORIZATION_MATRIX.md","src/app/api/v1/workspaces/[workspaceId]/projects/[projectId]/work-items/[workItemId]/route.ts","27"
"GET","/api/v1/workspaces/[workspaceId]/projects/[projectId]/work-items/[workItemId]/subscription","work_subscription.read","Tool","Authenticated workspace membership and operation-specific server policy; docs/AUTHORIZATION_MATRIX.md","src/app/api/v1/workspaces/[workspaceId]/projects/[projectId]/work-items/[workItemId]/subscription/route.ts","15"
"PATCH","/api/v1/workspaces/[workspaceId]/projects/[projectId]/work-items/[workItemId]/subscription","work_subscription.update","Tool","Authenticated workspace membership and operation-specific server policy; docs/AUTHORIZATION_MATRIX.md","src/app/api/v1/workspaces/[workspaceId]/projects/[projectId]/work-items/[workItemId]/subscription/route.ts","27"
"GET","/api/v1/workspaces/[workspaceId]/projects/[projectId]/work-items","delivery_work.list","Tool","Authenticated workspace membership and operation-specific server policy; docs/AUTHORIZATION_MATRIX.md","src/app/api/v1/workspaces/[workspaceId]/projects/[projectId]/work-items/route.ts","14"
"POST","/api/v1/workspaces/[workspaceId]/projects/[projectId]/work-items","delivery_work.create","Tool","Authenticated workspace membership and operation-specific server policy; docs/AUTHORIZATION_MATRIX.md","src/app/api/v1/workspaces/[workspaceId]/projects/[projectId]/work-items/route.ts","28"
"GET","/api/v1/workspaces/[workspaceId]/projects","project_lifecycle.list","Tool","Authenticated workspace membership and operation-specific server policy; docs/AUTHORIZATION_MATRIX.md","src/app/api/v1/workspaces/[workspaceId]/projects/route.ts","12"
"POST","/api/v1/workspaces/[workspaceId]/projects","project_lifecycle.create","Tool","Authenticated workspace membership and operation-specific server policy; docs/AUTHORIZATION_MATRIX.md","src/app/api/v1/workspaces/[workspaceId]/projects/route.ts","35"
"PATCH","/api/v1/workspaces/[workspaceId]","workspace_settings.update","Tool with human confirmation","Authenticated workspace membership and operation-specific server policy; docs/AUTHORIZATION_MATRIX.md","src/app/api/v1/workspaces/[workspaceId]/route.ts","8"
"PATCH","/api/v1/workspaces/[workspaceId]/time-entries/[entryId]","time_tracking.update","Tool","Authenticated workspace membership and operation-specific server policy; docs/AUTHORIZATION_MATRIX.md","src/app/api/v1/workspaces/[workspaceId]/time-entries/[entryId]/route.ts","9"
"DELETE","/api/v1/workspaces/[workspaceId]/time-entries/[entryId]","time_tracking.void","Tool with human confirmation","Authenticated workspace membership and operation-specific server policy; docs/AUTHORIZATION_MATRIX.md","src/app/api/v1/workspaces/[workspaceId]/time-entries/[entryId]/route.ts","20"
"GET","/api/v1/workspaces/[workspaceId]/time-entries","time_tracking.list","Tool","Authenticated workspace membership and operation-specific server policy; docs/AUTHORIZATION_MATRIX.md","src/app/api/v1/workspaces/[workspaceId]/time-entries/route.ts","12"
"POST","/api/v1/workspaces/[workspaceId]/time-entries","time_tracking.create","Tool","Authenticated workspace membership and operation-specific server policy; docs/AUTHORIZATION_MATRIX.md","src/app/api/v1/workspaces/[workspaceId]/time-entries/route.ts","26"
"GET","/api/v1/workspaces","workspace_setup.list","Tool","Authenticated workspace membership and operation-specific server policy; docs/AUTHORIZATION_MATRIX.md","src/app/api/v1/workspaces/route.ts","6"
"POST","/api/v1/workspaces","workspace_setup.create","Tool","Authenticated workspace membership and operation-specific server policy; docs/AUTHORIZATION_MATRIX.md","src/app/api/v1/workspaces/route.ts","14"
